{"rmse": 0.8952416510550865, "mean": 0.8603246353160873, "median": 0.8430549889036176, "std": 0.24758662252245855, "min": 0.2148670759123767, "max": 1.3432793610535843, "sse": 363.8617566578621}