{"rmse": 0.929927123123819, "mean": 0.8902699235027923, "median": 0.8424630091073406, "std": 0.2686706489880774, "min": 0.29417920066205006, "max": 1.4951337749167115, "sse": 392.6030622618895}