{"rmse": 0.03530400123718395, "mean": 0.02992134969031435, "median": 0.026288313349158626, "std": 0.01873727130787755, "min": 0.0022307122467152374, "max": 0.0848202095896467, "sse": 0.2530136181810824}