{"rmse": 1.279708431852742, "mean": 1.2148656121813812, "median": 1.1830097075015586, "std": 0.40218803425035204, "min": 0.4921801575691332, "max": 2.2038603338410385, "sse": 1198.7624868462633}