{"rmse": 0.0070624067841340826, "mean": 0.0061565060083837286, "median": 0.005805600574448922, "std": 0.0034604946688758485, "min": 0.00029999997729857747, "max": 0.04055286395426134, "sse": 0.06095041447236056}