{"rmse": 0.031533705965966004, "mean": 0.025739126143829654, "median": 0.020460212223230682, "std": 0.018217354289249164, "min": 0.0007975314662211876, "max": 0.08560099696164974, "sse": 0.20185804622544398}