{"rmse": 0.45314381016569544, "mean": 0.4103595754630597, "median": 0.40972190440617695, "std": 0.19220908281676302, "min": 0.08095478497125343, "max": 0.8678990453650088, "sse": 42.91591635252012}