{"rmse": 0.3480071741263859, "mean": 0.28560145286492405, "median": 0.25718863944781545, "std": 0.19884869465218338, "min": 0.009493754270745565, "max": 0.9070337001309773, "sse": 148.11629873671816}