{"rmse": 0.04783858021033233, "mean": 0.016904265210489693, "median": 0.01396316557770157, "std": 0.04475238065437221, "min": 0.0003316624744776199, "max": 1.1558367886608958, "sse": 1.6729152520310322}