{"rmse": 0.014353179846846127, "mean": 0.012826454621014635, "median": 0.012467958862478336, "std": 0.006441725977636902, "min": 0.0007280109869465777, "max": 0.03481728583572105, "sse": 0.12587441451842088}