{"rmse": 0.04069226590927963, "mean": 0.033462906366968144, "median": 0.029005648724458877, "std": 0.023153712495127952, "min": 0.002428991559423076, "max": 0.09523112097907192, "sse": 0.34441898500495643}