{"rmse": 0.030708250378763985, "mean": 0.027514569059441878, "median": 0.0280010772606696, "std": 0.013636169946068505, "min": 0.0009695359634788583, "max": 0.06776992965614351, "sse": 0.4271774785201608}