{"rmse": 0.002851051202453206, "mean": 0.0024469254593942804, "median": 0.0020772104089441207, "std": 0.001463232297066314, "min": 0.0001870598812162758, "max": 0.008640219978192495, "sse": 0.009933018395910063}