{"rmse": 1.166184946432959, "mean": 1.096706772464024, "median": 1.114245979617096, "std": 0.3965117709707832, "min": 0.1310653870650382, "max": 1.8707437321415283, "sse": 995.5107250379693}