{"rmse": 0.03432085887889167, "mean": 0.014256260511188348, "median": 0.011324310121544294, "std": 0.03121987172334199, "min": 0.00033166247302544226, "max": 0.781563401230436, "sse": 0.8610605099090868}