{"rmse": 0.00819565138073324, "mean": 0.006587148313471366, "median": 0.005861888971935655, "std": 0.0048762873839475465, "min": 0.0002999999612676981, "max": 0.06041423712748415, "sse": 0.08208015329961693}