{"rmse": 0.3343549395182291, "mean": 0.30833816031356326, "median": 0.31363776643331553, "std": 0.1293089497083864, "min": 0.0645589585291574, "max": 0.6455609345403021, "sse": 23.364784146269876}