{"rmse": 0.032452316717761394, "mean": 0.028318375855039473, "median": 0.026529969745207112, "std": 0.01584999840008235, "min": 0.001945531525954409, "max": 0.08400595170334624, "sse": 0.21379003065102886}