{"rmse": 0.013102526909917419, "mean": 0.011352820869571371, "median": 0.009960472814326986, "std": 0.006541381331839239, "min": 0.0008575436116629889, "max": 0.04577060520774517, "sse": 0.1476415418255947}