{"rmse": 0.031060796834269305, "mean": 0.028355797653595975, "median": 0.028363198867709025, "std": 0.012677611739127967, "min": 0.0009695359622914907, "max": 0.06715017727500446, "sse": 0.4370422142908286}