{"rmse": 1.7793878918012875, "mean": 1.6651483490804797, "median": 1.5559370001431556, "std": 0.6272975729616551, "min": 0.427011614988892, "max": 3.236606379615112, "sse": 2726.116513030055}