{"rmse": 0.5820064726043994, "mean": 0.5665459897509817, "median": 0.5550248795050682, "std": 0.13325605296006696, "min": 0.31257119270649114, "max": 0.8603181448193681, "sse": 69.10123296729677}