{"rmse": 0.026282707112379167, "mean": 0.022953720799578272, "median": 0.02112939724086539, "std": 0.012802632331286957, "min": 0.0009695357418492296, "max": 0.06714981901874471, "sse": 0.3129236539992632}