{"rmse": 1.008719065499956, "mean": 0.884693617988977, "median": 0.736555856914696, "std": 0.4845940108922914, "min": 0.2349392594578628, "max": 2.662832067025252, "sse": 876.079685821773}