{"rmse": 0.02383965679167115, "mean": 0.021593089114076383, "median": 0.022495568118460898, "std": 0.01010285793507106, "min": 0.0009103545607585908, "max": 0.058007822006603364, "sse": 0.48876314291241824}