{"rmse": 0.024815617671026868, "mean": 0.019530750761205626, "median": 0.016058717890723006, "std": 0.01530897302559015, "min": 0.0010738540948177294, "max": 0.14033428598783573, "sse": 0.12501042072009994}