{"rmse": 0.03764268305123118, "mean": 0.03041234824152708, "median": 0.02387667195490889, "std": 0.022182440391704698, "min": 0.002428991559281864, "max": 0.0952636861708602, "sse": 0.29473009015745305}