{"rmse": 0.31544969272656, "mean": 0.2879456115723914, "median": 0.28800020155403605, "std": 0.12882481677643715, "min": 0.027533957821111964, "max": 0.5412841749990105, "sse": 20.299735762821342}