{"rmse": 0.8691619751734423, "mean": 0.813992064939179, "median": 0.7362387002040716, "std": 0.3047284976884356, "min": 0.28457802647179226, "max": 1.4992966439393194, "sse": 342.97091274567936}