{"rmse": 0.02242127241549736, "mean": 0.019311512744514453, "median": 0.017417661323669505, "std": 0.011392055663856234, "min": 0.0011467426473921454, "max": 0.0735586731197439, "sse": 0.22772919589866414}