{"rmse": 1.852438253804895, "mean": 1.7632606765018553, "median": 1.6848273980206605, "std": 0.5678373630379985, "min": 0.3234777705850626, "max": 3.3555195843839267, "sse": 2954.545163861526}