{"rmse": 0.04873911157041145, "mean": 0.04287802457372599, "median": 0.041644171849917186, "std": 0.0231727427234664, "min": 0.0024289915580627775, "max": 0.095376652566463, "sse": 0.4941042073079871}