{"rmse": 0.006803565295172763, "mean": 0.006037564611396488, "median": 0.005743642526366116, "std": 0.003136289892355619, "min": 0.00029999997856158074, "max": 0.026088859603027363, "sse": 0.05656454788678004}