{"rmse": 0.3638922208041198, "mean": 0.30843277843470424, "median": 0.2822525433341949, "std": 0.19309782378059817, "min": 0.015627208569644998, "max": 0.8799630752356687, "sse": 161.9466616464255}