{"rmse": 0.14720797157576182, "mean": 0.12521807796435097, "median": 0.10859589057881679, "std": 0.07739909460945926, "min": 0.004861324223720614, "max": 0.30871375943851914, "sse": 26.50263857313572}