{"rmse": 0.5356320642250907, "mean": 0.513140147756686, "median": 0.5325357966932551, "std": 0.1535867734744047, "min": 0.06339007852686988, "max": 0.7419889013805915, "sse": 175.5838454343314}