{"rmse": 0.47760675639770006, "mean": 0.4546250462408594, "median": 0.4800371319972194, "std": 0.1463703559031966, "min": 0.15796761290026579, "max": 0.7299599913775324, "sse": 47.67461667515699}