{"rmse": 0.08187462091396318, "mean": 0.029576726766122555, "median": 0.021448820899906504, "std": 0.0763457319279035, "min": 0.00033166185166706014, "max": 1.9263453123968646, "sse": 4.900224544907584}