{"rmse": 0.03212477073124152, "mean": 0.027930319549465104, "median": 0.02462256557181906, "std": 0.015871299392286684, "min": 0.0013841764265957587, "max": 0.09632412360742569, "sse": 0.2146561860632451}