{"rmse": 0.07736833720090645, "mean": 0.027893652869287452, "median": 0.021558756590607617, "std": 0.07216511436172507, "min": 0.0003417802544311642, "max": 1.8327003845612557, "sse": 4.375663368501443}