{"rmse": 0.6401042920227272, "mean": 0.61878595848776, "median": 0.6595144541780706, "std": 0.1638213729777065, "min": 0.17069603814572262, "max": 0.8706482570574918, "sse": 83.58563495184703}