{"rmse": 0.02761270780588898, "mean": 0.02441025976486563, "median": 0.02305412961967342, "std": 0.012907395189781108, "min": 0.0009695359603323035, "max": 0.0671420728207285, "sse": 0.3453951194651512}