{"rmse": 0.03015000131079927, "mean": 0.013050065399640695, "median": 0.010077402772043552, "std": 0.0271793740197654, "min": 0.0003316624777544603, "max": 0.6853941908920129, "sse": 0.6644955052791155}