{"rmse": 1.1252928814415764, "mean": 1.0402687588672648, "median": 1.0889857357812922, "std": 0.4290978656994764, "min": 0.3170057082560248, "max": 1.9024146720658681, "sse": 926.9199385248985}