{"rmse": 0.02133173897177907, "mean": 0.01966433983681116, "median": 0.019260731543528576, "std": 0.008267818717323197, "min": 0.0012845232541286774, "max": 0.045771279191971555, "sse": 0.3913370553017015}