{"rmse": 0.006729154159289295, "mean": 0.0060396093287312935, "median": 0.0058004309833776, "std": 0.0029672604967852668, "min": 0.0002999999792651047, "max": 0.02283189396622148, "sse": 0.055334012184765066}