{"rmse": 0.34469727217272855, "mean": 0.29450346011967576, "median": 0.2677463896540317, "std": 0.1791198521126529, "min": 0.03385255152400412, "max": 0.7776010293862303, "sse": 145.31222414918048}