{"rmse": 0.04185551461191991, "mean": 0.035894827827493175, "median": 0.032614143878340225, "std": 0.02152778294816404, "min": 0.0024289915581358216, "max": 0.11572327622805505, "sse": 0.36439189351315726}