{"rmse": 0.8987917002707598, "mean": 0.8410729935833849, "median": 0.8830762881795118, "std": 0.3168954716310833, "min": 0.16903836056672458, "max": 1.3024662705211683, "sse": 168.83574277940113}