{"rmse": 0.04023339652712778, "mean": 0.034876345136620454, "median": 0.032274303595101056, "std": 0.020059081385258606, "min": 0.0024289915576689936, "max": 0.09525088173771623, "sse": 0.33669504879069223}