{"rmse": 0.5350006850790364, "mean": 0.5030383189411312, "median": 0.4901877506076312, "std": 0.18214879278194268, "min": 0.17149855362290334, "max": 0.9105657419246705, "sse": 58.390049539147824}