{"rmse": 0.6770406164434236, "mean": 0.6302015371069267, "median": 0.6727284482444249, "std": 0.2474470022896982, "min": 0.09898281609550813, "max": 1.007451342879796, "sse": 93.51033524807457}