{"rmse": 0.014470515573003802, "mean": 0.012377323893046565, "median": 0.010732686173092318, "std": 0.007496510801377146, "min": 0.00046633621992264707, "max": 0.045771263420644644, "sse": 0.1800804060157492}