{"rmse": 1.5431227968299177, "mean": 1.446836715071895, "median": 1.4495731312507618, "std": 0.53655520313958, "min": 0.15890696759942802, "max": 2.4532504322750195, "sse": 1743.0588711824093}