{"rmse": 0.012043006004111838, "mean": 0.009531819187287767, "median": 0.007287596468964304, "std": 0.007360598929158316, "min": 0.0005760989231365314, "max": 0.041996972395209636, "sse": 0.03828897431437948}