{"rmse": 1.2769430245823776, "mean": 1.142727106943044, "median": 1.064614249923514, "std": 0.5698756417738623, "min": 0.11026938566831179, "max": 2.806026543823009, "sse": 1403.9323831934776}