{"rmse": 0.7441699360021146, "mean": 0.6854682639946744, "median": 0.6736901420010271, "std": 0.28969320445174174, "min": 0.05540551288291536, "max": 1.5355172945927968, "sse": 251.42015771682367}