{"rmse": 0.08155580209943222, "mean": 0.0754544803854316, "median": 0.06988069504765443, "std": 0.03095109442081606, "min": 0.0189576490960635, "max": 0.16436384926921177, "sse": 1.7626074468616646}