{"rmse": 1.4527545563056519, "mean": 1.3711033367463685, "median": 1.3080693140376312, "std": 0.4801785509889058, "min": 0.5792439451872388, "max": 2.504941187089991, "sse": 1544.8829262345205}