{"rmse": 0.014253655065393172, "mean": 0.012584173501139898, "median": 0.012041944776125049, "std": 0.0066936731333713025, "min": 0.0006281529766595919, "max": 0.03599421380867086, "sse": 0.17472334714195925}