{"rmse": 0.31842435090524845, "mean": 0.3010203313476308, "median": 0.28544589358082334, "std": 0.10383076309452498, "min": 0.10569184698859344, "max": 0.505845262394405, "sse": 21.191360055130623}