{"rmse": 0.0374606341700015, "mean": 0.03172639471208431, "median": 0.026703381884671515, "std": 0.019918207524566873, "min": 0.0012845232500643595, "max": 0.11835206076474745, "sse": 1.2068372366800681}