{"rmse": 1.6593808587819845, "mean": 1.5650438167874205, "median": 1.4723439064654902, "std": 0.5515275931696425, "min": 0.5861395787695455, "max": 2.8738063298404604, "sse": 2370.8021024976433}