{"rmse": 0.03153826261307084, "mean": 0.0293653161169324, "median": 0.029419836370555535, "std": 0.01150392185316174, "min": 0.000969535964462537, "max": 0.06714544102627314, "sse": 0.450581889918913}