{"rmse": 1.0844043495023774, "mean": 1.0150585629037687, "median": 1.0186959778408373, "std": 0.38156114463531277, "min": 0.23527244578961679, "max": 1.8107922531481693, "sse": 860.7828046368015}