{"rmse": 0.006961957283980552, "mean": 0.006048335088985878, "median": 0.0056320475078439625, "std": 0.0034476792013341468, "min": 0.00029999936476261607, "max": 0.02769985791978527, "sse": 0.05922893375169118}