{"rmse": 0.9719688569465462, "mean": 0.9115836140952823, "median": 0.8716857077273301, "std": 0.3372517952316329, "min": 0.23477598892249996, "max": 1.6029951997033782, "sse": 428.90445032878495}