{"rmse": 0.03086592582951549, "mean": 0.012054957101683538, "median": 0.009528227162261349, "std": 0.028414492544997547, "min": 0.0006105327890304112, "max": 0.7289249173399008, "sse": 0.6964276308159137}