{"rmse": 0.02770632606336592, "mean": 0.02190724327097829, "median": 0.016158761275337292, "std": 0.016962110605574003, "min": 0.0016715757520414797, "max": 0.09023466708302243, "sse": 0.15583102229769857}