{"rmse": 0.9390926771539783, "mean": 0.8207935202107021, "median": 0.7226994857831283, "std": 0.4562817698137303, "min": 0.09936423918004021, "max": 2.353017595766138, "sse": 759.3116434607186}