{"rmse": 0.3540186459573454, "mean": 0.2938768629590376, "median": 0.25956388416737214, "std": 0.1973970392453426, "min": 0.012355504897567097, "max": 0.9096315859484132, "sse": 153.27761366133257}