{"rmse": 0.036038684667773026, "mean": 0.03068370077414867, "median": 0.02687777289256233, "std": 0.01890230936646861, "min": 0.0023853720728632013, "max": 0.09921762565916693, "sse": 0.26365371889438527}