{"rmse": 0.8714620609792254, "mean": 0.8407418403556601, "median": 0.8721752359023898, "std": 0.22934533263517004, "min": 0.17429067510195256, "max": 1.231367346569897, "sse": 344.7885401716763}