{"rmse": 0.27161306295634513, "mean": 0.2462998879558056, "median": 0.23962163359219227, "std": 0.11449900070081441, "min": 0.026258505204526345, "max": 0.4941709444341577, "sse": 15.04982581757961}