{"rmse": 0.3356555297892764, "mean": 0.2736336056237324, "median": 0.23716041621819464, "std": 0.19439466183893914, "min": 0.018207046459343255, "max": 0.8933475398198238, "sse": 137.78884821134054}