{"rmse": 0.7540506682559783, "mean": 0.7003339119716695, "median": 0.7204166948723293, "std": 0.27950817884231133, "min": 0.15954759283166245, "max": 1.5074908161247271, "sse": 118.83581375213308}